Workbook

Sheet Adaylar_TOPSIS
A1: S_No | B1: AYDES_ID | C1: Alan_Adi | D1: Mahalle | E1: Enlem | F1: Boylam | G1: C1_Damage | H1: C2_Logistics | I1: C3_GapDistance_m | J1: C4_NightPop | K1: CC_Baseline | L1: CC_DamageFocused | M1: CC_InfrastructureFocused | N1: X_j (binary)
A2: 1 | B2: 151439766 | C2: Abdurrahmangazi Cami Önü Toplanma Alanı | D2: ABDURRAHMANGAZİ | E2: 40.968842 | F2: 29.256488 | G2: 34.5 | H2: 0 | I2: 167.07156 | J2: 41200 | K2: 0.66558928 | L2: 0.75325116 | M2: 0.51091536 | O2: 0
A3: 2 | B3: 151349188 | C3: Abdurrahmangazi Orman Toplanma Alanı | D3: ABDURRAHMANGAZİ | E3: 40.957669 | F3: 29.251359 | G3: 34.5 | H3: 0.66666667 | I3: 1093.2173 | J3: 41200 | K3: 0.85506157 | L3: 0.89743966 | M3: 0.78370441 | O3: 0
A4: 3 | B4: 151349322 | C4: Abdurrahman Gazi Parkı | D4: ABDURRAHMANGAZİ | E4: 40.956802 | F4: 29.259991 | G4: 34.5 | H4: 0 | I4: 456.57673 | J4: 41200 | K4: 0.67743884 | L4: 0.76330919 | M4: 0.51669255 | O4: 0
A5: 4 | B5: 151349319 | C5: Ali Kuşçu İmam Hatip Ortaokulu Bahçesi | D5: ABDURRAHMANGAZİ | E5: 40.964895 | F5: 29.262421 | G5: 34.5 | H5: 0.66666667 | I5: 605.90329 | J5: 41200 | K5: 0.81306446 | L5: 0.86539097 | M5: 0.75571919 | O5: 0
A6: 5 | B6: 151349318 | C6: Aydos Parkı | D6: ABDURRAHMANGAZİ | E6: 40.962466 | F6: 29.254527 | G6: 34.5 | H6: 0.33333333 | I6: 873.73266 | J6: 41200 | K6: 0.76198046 | L6: 0.82952789 | M6: 0.62834611 | O6: 0
A7: 6 | B7: 151349317 | C7: Dumlupınar Parkı | D7: ABDURRAHMANGAZİ | E7: 40.966722 | F7: 29.253684 | G7: 34.5 | H7: 0 | I7: 488.62586 | J7: 41200 | K7: 0.67869424 | L7: 0.76435438 | M7: 0.51733502 | O7: 0
A8: 7 | B8: 151349320 | C8: Mehmet Akif Ersoy İlkokulu Bahçesi | D8: ABDURRAHMANGAZİ | E8: 40.955539 | F8: 29.257034 | G8: 34.5 | H8: 0.66666667 | I8: 561.20961 | J8: 41200 | K8: 0.80899389 | L8: 0.86224227 | M8: 0.7528174 | O8: 0
A9: 8 | B9: 151349262 | C9: Adil Parkı | D9: ADİL | E9: 40.986609 | F9: 29.259587 | G9: 3.4 | H9: 0 | I9: 881.8636 | J9: 23800 | K9: 0.12388135 | L9: 0.090267954 | M9: 0.11976047 | O9: 0
A10: 9 | B10: 151349261 | C10: Filistin Parkı | D10: ADİL | E10: 40.975172 | F10: 29.257529 | G10: 3.4 | H10: 0 | I10: 587.04917 | J10: 23800 | K10: 0.08688852 | L10: 0.062779492 | M10: 0.084024877 | O10: 0
A11: 10 | B11: 151349263 | C11: Osmangazi Parkı | D11: ADİL | E11: 40.97759 | F11: 29.259088 | G11: 3.4 | H11: 0 | I11: 860.83553 | J11: 23800 | K11: 0.12131514 | L11: 0.08834445 | M11: 0.11727735 | O11: 0
A12: 11 | B12: 151349264 | C12: Sultanbeyli Özel Eğitim Mesleki Eğitim Merkezi (Okul) Bahçesi | D12: ADİL | E12: 40.984112 | F12: 29.258912 | G12: 3.4 | H12: 0.66666667 | I12: 1109.6911 | J12: 23800 | K12: 0.25261759 | L12: 0.18183323 | M12: 0.38046197 | O12: 0
A13: 12 | B13: 151349260 | C13: Şehitler Parkı | D13: ADİL | E13: 40.980159 | F13: 29.258736 | G13: 3.4 | H13: 0.33333333 | I13: 1142.932 | J13: 23800 | K13: 0.18991949 | L13: 0.13678386 | M13: 0.24664945 | O13: 0
... A141: 141 | B141: 151349316 | C141: Yaşar Paşalı İlkokulu Bahçesi | D141: YAVUZ SELİM | E141: 40.949959 | F141: 29.277048 | G141: 17.2 | H141: 1 | I141: 0 | J141: 22100 | K141: 0.49179041 | L141: 0.46810763 | M141: 0.60242318 | O141: 0

Sheet Aday_FCM_Uyelik
A1: S_No | B1: Alan_Adi | C1: Mahalle | D1: ABDURRAHMANGAZI | E1: ADIL | F1: AHMET YESEVI | G1: AKSEMSETTIN | H1: BATTALGAZI | I1: FATIH | J1: HAMIDIYE | K1: HASANPASA | L1: MECIDIYE | M1: MEHMET AKIF | N1: MIMAR SINAN | O1: NECIP FAZIL | P1: ORHANGAZI | Q1: SALGAMLI DEVLET ORMANI | R1: TEFERRUC TEPE ORMANI | S1: TURGUT REIS | T1: YAVUZ SELIM
A2: 1 | B2: Abdurrahmangazi Cami Önü Toplanma Alanı | C2: ABDURRAHMANGAZİ | D2: 0.62346114 | E2: 0.24261367 | F2: 0.17270803 | G2: 1.0863736e-07 | H2: 0.013423913 | I2: 0.013261066 | J2: 0.00013504306 | K2: 0.74420579 | L2: 2.6273636e-06 | M2: 0.30013805 | N2: 0.00072355112 | O2: 3.1969789e-05 | P2: 2.3718942e-06 | Q2: 0 | R2: 0 | S2: 0.0243823 | T2: 0.0024745473
A3: 2 | B3: Abdurrahmangazi Orman Toplanma Alanı | C3: ABDURRAHMANGAZİ | D3: 0.73027679 | E3: 0.0042416345 | F3: 0.0062546394 | G3: 3.4172615e-07 | H3: 4.0191027e-05 | I3: 0.02362045 | J3: 0.00028863327 | K3: 0.30077776 | L3: 9.3832666e-07 | M3: 0.38258023 | N3: 3.6171237e-07 | O3: 0.0018243994 | P3: 3.3306715e-05 | Q3: 0 | R3: 0 | S3: 0.0025959469 | T3: 0.023482093
A4: 3 | B4: Abdurrahman Gazi Parkı | C4: ABDURRAHMANGAZİ | D4: 0.73118498 | E4: 0.0036325027 | F4: 0.025192209 | G4: 3.0483506e-05 | H4: 0.00016026068 | I4: 0.18964566 | J4: 0.0074402086 | K4: 0.13367083 | L4: 7.5204293e-05 | M4: 0.84325849 | N4: 6.6293498e-07 | O4: 0.014962288 | P4: 0.0010428263 | Q4: 0 | R4: 0 | S4: 0.027883105 | T4: 0.15479132
A5: 4 | B5: Ali Kuşçu İmam Hatip Ortaokulu Bahçesi | C5: ABDURRAHMANGAZİ | D5: 0.75369776 | E5: 0.076851117 | F5: 0.25430076 | G5: 8.1945767e-06 | H5: 0.0095901433 | I5: 0.1077732 | J5: 0.003144425 | K5: 0.33044145 | L5: 9.6903617e-05 | M5: 0.73136164 | N5: 0.00015887886 | O5: 0.00071481063 | P5: 0.00011192825 | Q5: 0 | R5: 0 | S5: 0.11341721 | T5: 0.027431137
A6: 5 | B6: Aydos Parkı | C6: ABDURRAHMANGAZİ | D6: 0.97517205 | E6: 0.035086664 | F6: 0.044394387 | G6: 4.7877935e-07 | H6: 0.00084852679 | I6: 0.032805962 | J6: 0.00041934223 | K6: 0.58663464 | L6: 3.3682839e-06 | M6: 0.53569005 | N6: 1.5382551e-05 | O6: 0.00055684022 | P6: 2.1673946e-05 | Q6: 0 | R6: 0 | S6: 0.012764782 | T6: 0.015354288
A7: 6 | B7: Dumlupınar Parkı | C7: ABDURRAHMANGAZİ | D7: 0.76092204 | E7: 0.12886032 | F7: 0.077831699 | G7: 6.5359789e-08 | H7: 0.0036326696 | I7: 0.011566296 | J7: 9.6525319e-05 | K7: 0.86063325 | L7: 1.0332287e-06 | M7: 0.31762478 | N7: 0.00015870341 | O7: 5.6592874e-05 | P7: 2.3992618e-06 | Q7: 0 | R7: 0 | S7: 0.011239617 | T7: 0.0031674576
A8: 7 | B8: Mehmet Akif Ersoy İlkokulu Bahçesi | C8: ABDURRAHMANGAZİ | D8: 0.67976316 | E8: 0.0020079078 | F8: 0.010208722 | G8: 9.9143618e-06 | H8: 4.6689481e-05 | I8: 0.10777485 | J8: 0.0031867204 | K8: 0.13352994 | L8: 1.8819428e-05 | M8: 0.64411271 | N8: 1.8664682e-07 | O8: 0.013429321 | P8: 0.00054554433 | Q8: 0 | R8: 0 | S8: 0.010078161 | T8: 0.11582859
A9: 8 | B9: Adil Parkı | C9: ADİL | D9: 0.0025421127 | E9: 0.72077406 | F9: 0.069889118 | G9: 7.7752186e-12 | H9: 0.25823319 | I9: 8.8111559e-06 | J9: 3.5217117e-08 | K9: 0.02479954 | L9: 5.77805e-09 | M9: 0.00069018856 | N9: 0.34281919 | O9: 9.8425679e-11 | P9: 3.0165161e-11 | Q9: 0 | R9: 0 | S9: 0.0010744639 | T9: 1.3808408e-07
A10: 9 | B10: Filistin Parkı | C10: ADİL | D10: 0.178937 | E10: 0.72811798 | F10: 0.25214824 | G10: 7.1635183e-09 | H10: 0.077481756 | I10: 0.0019660632 | J10: 1.4233898e-05 | K10: 0.45377652 | L10: 5.8679543e-07 | M10: 0.069862581 | N10: 0.013136409 | O10: 6.996303e-07 | P10: 8.5189127e-08 | Q10: 0 | R10: 0 | S10: 0.016055528 | T10: 0.00015211953
A11: 10 | B11: Osmangazi Parkı | C11: ADİL | D11: 0.087992059 | E11: 0.89686682 | F11: 0.28572036 | G11: 3.5422256e-09 | H11: 0.1519493 | I11: 0.00097763862 | J11: 7.2051502e-06 | K11: 0.27091388 | L11: 4.660309e-07 | M11: 0.035069489 | N11: 0.036761955 | O11: 1.6229768e-07 | P11: 2.8763827e-08 | Q11: 0 | R11: 0 | S11: 0.015063858 | T11: 5.1820934e-05
A12: 11 | B12: Sultanbeyli Özel Eğitim Mesleki Eğitim Merkezi (Okul) Bahçesi | C12: ADİL | D12: 0.008066159 | E12: 0.90160007 | F12: 0.11120312 | G12: 3.8733247e-11 | H12: 0.23763712 | I12: 3.4168988e-05 | J12: 1.5106416e-07 | K12: 0.059716889 | L12: 1.7757521e-08 | M12: 0.0023247825 | N12: 0.20453374 | O12: 8.1770627e-10 | P12: 1.9757318e-10 | Q12: 0 | R12: 0 | S12: 0.0022798235 | T12: 7.6507741e-07
A13: 12 | B13: Şehitler Parkı | C13: ADİL | D13: 0.038142489 | E13: 0.99347911 | F13: 0.20783049 | G13: 5.7860956e-10 | H13: 0.19009018 | I13: 0.00027181434 | J13: 1.5798635e-06 | K13: 0.16976639 | L13: 1.2424858e-07 | M13: 0.013055291 | N13: 0.077356164 | O13: 2.1201289e-08 | P13: 4.0571538e-09 | Q13: 0 | R13: 0 | S13: 0.0073430816 | T13: 1.0365603e-05
... A141: 141 | B141: Yaşar Paşalı İlkokulu Bahçesi | C141: YAVUZ SELİM | D141: 0.02494033 | E141: 1.380974e-05 | F141: 0.0042074359 | G141: 0.036865803 | H141: 8.7671909e-06 | I141: 0.81851169 | J141: 0.47264807 | K141: 0.00046466458 | L141: 0.027560233 | M141: 0.17438284 | N141: 2.9063544e-09 | O141: 0.30991694 | P141: 0.23372685 | Q141: 0 | R141: 0 | S141: 0.067049504 | T141: 0.89533011

Sheet Mevcut_FCM_Uyelik
A1: container_no | B1: adres | C1: mahalle | D1: ABDURRAHMANGAZI | E1: ADIL | F1: AHMET YESEVI | G1: AKSEMSETTIN | H1: BATTALGAZI | I1: FATIH | J1: HAMIDIYE | K1: HASANPASA | L1: MECIDIYE | M1: MEHMET AKIF | N1: MIMAR SINAN | O1: NECIP FAZIL | P1: ORHANGAZI | Q1: SALGAMLI DEVLET ORMANI | R1: TEFERRUC TEPE ORMANI | S1: TURGUT REIS | T1: YAVUZ SELIM
A2: 477 | B2: Turk Hava Kurumu Gazi Ortaokulu | C2: MIMAR SINAN | D2: 0.00010717881 | E2: 0.20426696 | F2: 0.040651522 | G2: 4.5172161e-12 | H2: 0.49206026 | I2: 1.2772869e-06 | J2: 1.0458199e-08 | K2: 0.00099392451 | L2: 8.8360711e-09 | M2: 4.8153828e-05 | N2: 0.90042521 | O2: 2.7531803e-12 | P2: 4.1591633e-12 | Q2: 0 | R2: 0 | S2: 0.00073349098 | T2: 7.843062e-09
A3: 218 | B3: Aydos Kalesi Guvenlik Yani | C3: ABDURRAHMANGAZI | D3: 0.39701801 | E3: 0.00060744355 | F3: 0.011332682 | G3: 0.00021764995 | H3: 3.7425635e-05 | I3: 0.33661928 | J3: 0.025296196 | K3: 0.036147173 | L3: 0.00028800494 | M3: 0.70357062 | N3: 6.4960617e-08 | O3: 0.06634359 | P3: 0.0064061856 | Q3: 0 | R3: 0 | S3: 0.027579865 | T3: 0.38394608
A4: 220 | B4: Polis Karakolu / Eski Emniyet | C4: TURGUT REIS | D4: 0.099858 | E4: 0.019822545 | F4: 0.54640646 | G4: 0.00064491217 | H4: 0.034533366 | I4: 0.27826666 | J4: 0.043353355 | K4: 0.016649187 | L4: 0.010358464 | M4: 0.30343824 | N4: 0.00026731832 | O4: 0.00090971359 | P4: 0.0013750482 | Q4: 0 | R4: 0 | S4: 0.81850858 | T4: 0.037115288
A5: 479 | B5: Sultan Korosu Acik Otoparki | C5: BATTALGAZI | D5: 1.1257803e-05 | E5: 0.0076514597 | F5: 0.05578695 | G5: 1.3566404e-08 | H5: 0.44125294 | I5: 1.5530966e-05 | J5: 1.8068089e-06 | K5: 1.4137527e-05 | L5: 1.4673713e-05 | M5: 3.0264928e-05 | N5: 0.10518491 | O5: 6.1492865e-11 | P5: 1.5085822e-09 | Q5: 0 | R5: 0 | S5: 0.010887856 | T5: 8.0189674e-08
A6: 498 | B6: Sultanbeyli Meslek ve Teknik Anadolu Lisesi | C6: BATTALGAZI | D6: 0.00016328352 | E6: 0.03091127 | F6: 0.19539376 | G6: 9.1505264e-08 | H6: 0.71016646 | I6: 0.0001560346 | J6: 1.4535869e-05 | K6: 0.00017852768 | L6: 5.1405549e-05 | M6: 0.00037315164 | N6: 0.11646819 | O6: 1.8186678e-09 | P6: 2.0878258e-08 | Q6: 0 | R6: 0 | S6: 0.042256037 | T6: 1.4255055e-06
A7: 396 | B7: Husnu M. Ozyegin Anadolu Lisesi | C7: HASANPASA | D7: 0.40469237 | E7: 0.32078234 | F7: 0.084461657 | G7: 4.6548233e-09 | H7: 0.0095469979 | I7: 0.0024550689 | J7: 1.2475583e-05 | K7: 0.90038815 | L7: 1.6513543e-07 | M7: 0.12243242 | N7: 0.0010467002 | O7: 3.501298e-06 | P7: 1.4838254e-07 | Q7: 0 | R7: 0 | S7: 0.0057960593 | T7: 0.00040047516
A8: 225 | B8: Saygi Hastanesi Otoparki | C8: ABDURRAHMANGAZI | D8: 0.52883624 | E8: 0.31187834 | F8: 0.24147939 | G8: 1.31964e-07 | H8: 0.024220119 | I8: 0.013339638 | J8: 0.00015027103 | K8: 0.64785083 | L8: 3.9468967e-06 | M8: 0.27366341 | N8: 0.001448648 | O8: 2.2575249e-05 | P8: 2.2192395e-06 | Q8: 0 | R8: 0 | S8: 0.033747933 | T8: 0.0020543164
A9: 482 | B9: Kiz Anadolu Imam Hatip Lisesi | C9: MEHMET AKIF | D9: 0.32416786 | E9: 0.15480745 | F9: 0.66847544 | G9: 1.1693033e-05 | H9: 0.064820831 | I9: 0.082036975 | J9: 0.0033623006 | K9: 0.16019809 | L9: 0.00030459531 | M9: 0.40174659 | N9: 0.0016148497 | O9: 0.00014668337 | P9: 6.2628231e-05 | Q9: 0 | R9: 0 | S9: 0.27909708 | T9: 0.010314074
A10: 405 | B10: Aksemsettin Ilk ve Ortaogretim Okulu | C10: AKSEMSETTIN | D10: 1.2555601e-06 | E10: 4.2571925e-10 | F10: 1.2160323e-05 | G10: 0.96222142 | H10: 2.4131103e-08 | I10: 0.018393204 | J10: 0.32407287 | K10: 2.1489609e-09 | L10: 0.51687339 | M10: 8.8621098e-05 | N10: 8.0940947e-13 | O10: 0.0076139063 | P10: 0.28741836 | Q10: 0 | R10: 0 | S10: 0.0034572139 | T10: 0.011439352
A11: 401 | B11: Orhangazi Imam-Hatip Ortaokulu | C11: ORHANGAZI | D11: 1.9620212e-05 | E11: 4.7260602e-10 | F11: 5.2415325e-06 | G11: 0.45913825 | H11: 2.0093723e-09 | I11: 0.055557249 | J11: 0.37639614 | K11: 3.5090071e-08 | L11: 0.064311764 | M11: 0.00070703831 | N11: 4.2137916e-14 | O11: 0.22480811 | P11: 0.9723517 | Q11: 0 | R11: 0 | S11: 0.0012321711 | T11: 0.12572101
A12: 403 | B12: Cumhuriyet Ilkokulu ve Ortaogretim Okulu | C12: NECIP FAZIL | D12: 0.0018841973 | E12: 2.3908964e-08 | F12: 1.7054156e-05 | G12: 0.012027192 | H12: 3.8288893e-09 | I12: 0.11769046 | J12: 0.092996047 | K12: 1.2217298e-05 | L12: 0.0012701025 | M12: 0.015734006 | N12: 2.3203955e-13 | O12: 0.98866607 | P12: 0.25340571 | Q12: 0 | R12: 0 | S12: 0.00080836746 | T12: 0.55921473
A13: 395 | B13: Yasar Pasali Ilkokulu | C13: YAVUZ SELIM | D13: 0.02494033 | E13: 1.380974e-05 | F13: 0.0042074359 | G13: 0.036865803 | H13: 8.7671909e-06 | I13: 0.81851169 | J13: 0.47264807 | K13: 0.00046466458 | L13: 0.027560233 | M13: 0.17438284 | N13: 2.9063544e-09 | O13: 0.30991694 | P13: 0.23372685 | Q13: 0 | R13: 0 | S13: 0.067049504 | T13: 0.89533011

Sheet Mahalle_Riskleri
A1: mahalle | B1: R_risk_weight | C1: nufus_2024 | D1: is_critical | E1: enlem | F1: boylam
A2: ABDURRAHMANGAZI | B2: 34.5 | C2: 41200 | D2: YES | E2: 40.961848 | F2: 29.256501
A3: ADIL | B3: 3.4 | C3: 23800 | D3: NO | E3: 40.98088 | F3: 29.25821
A4: AHMET YESEVI | B4: 19.8 | C4: 28600 | D4: NO | E4: 40.97358 | F4: 29.273206
A5: AKSEMSETTIN | B5: 8.9 | C5: 16400 | D5: NO | E5: 40.945651 | F5: 29.300847
A6: BATTALGAZI | B6: 18.4 | C6: 26900 | D6: YES | E6: 40.984647 | F6: 29.275053
A7: FATIH | B7: 17 | C7: 19300 | D7: YES | E7: 40.954512 | F7: 29.277096
A8: HAMIDIYE | B8: 32.7 | C8: 22700 | D8: YES | E8: 40.950633 | F8: 29.288675
A9: HASANPASA | B9: 15.1 | C9: 18300 | D9: NO | E9: 40.968697 | F9: 29.249166
A10: MECIDIYE | B10: 15.5 | C10: 25400 | D10: NO | E10: 40.955568 | F10: 29.301474
A11: MEHMET AKIF | B11: 31 | C11: 31100 | D11: YES | E11: 40.959397 | F11: 29.264366
A12: MIMAR SINAN | B12: 3.9 | C12: 32600 | D12: NO | E12: 40.99462 | F12: 29.268636
A13: NECIP FAZIL | B13: 17.6 | C13: 21200 | D13: NO | E13: 40.939103 | F13: 29.274602
... A18: YAVUZ SELIM | B18: 17.2 | C18: 22100 | D18: NO | E18: 40.947623 | F18: 29.273808

Sheet Optimizasyon
A1: 0-1 TAMSAYILI PROGRAMLAMA - SULTANBEYLI KONTEYNER YER SECIMI
A2: Amaç: Z = SUM_i R_i * [SUM_k mu(i,k) + SUM_j (mu(i,j) * X_j)] maksimize edilecek
A3: Kısıt 1: SUM_j X_j = 8 (Adaylar_TOPSIS!O sütununda 8 tane X_j = 1 olacak)
A4: Kısıt 2: Karar hücreleri binary (0 veya 1)
A5: Kısıt 3 (HARD): Kritik mahalleler için toplam kapsama >= 0.50
A6: Kısıt 4 (SOFT): Alternatif olarak penalty ile çözüm için 04_zero_one_ip.py kullanın
A7: Solver: Data > Solver > Set Objective: =SUM(I4:I20) By Changing: O2:O141 Constraints: 8 SUM, binary
A10: Mahalle | B10: R_risk | C10: is_critical | D10: Baseline_coverage_12 (SUM mu_mevcut) | E10: New_coverage_8 (SUMPRODUCT mu_aday * X_j) | F10: Total_coverage_20 | G10: Coverage_x_R | H10: Meets_threshold?
A11: ABDURRAHMANGAZI | B11: 34.5 | C11: YES | D11: =SUM(Mevcut_FCM_Uyelik!D2:D13) -> 1.7816996 | E11: =SUMPRODUCT(Aday_FCM_Uyelik!D2:D141,Adaylar_TOPSIS!O2:O141) -> 0 | F11: =D11+E11 -> 1.7816996 | G11: =F11*B11 -> 61.468636 | H11: =IF(F11>=0.5,"OK","FAIL") -> OK
A12: ADIL | B12: 3.4 | C12: NO | D12: =SUM(Mevcut_FCM_Uyelik!E2:E13) -> 1.0507416 | E12: =SUMPRODUCT(Aday_FCM_Uyelik!E2:E141,Adaylar_TOPSIS!O2:O141) -> 0 | F12: =D12+E12 -> 1.0507416 | G12: =F12*B12 -> 3.5725216 | H12: =IF(F12>=0.5,"OK","FAIL") -> OK
A13: AHMET YESEVI | B13: 19.8 | C13: NO | D13: =SUM(Mevcut_FCM_Uyelik!F2:F13) -> 1.8482298 | E13: =SUMPRODUCT(Aday_FCM_Uyelik!F2:F141,Adaylar_TOPSIS!O2:O141) -> 0 | F13: =D13+E13 -> 1.8482298 | G13: =F13*B13 -> 36.594949 | H13: =IF(F13>=0.5,"OK","FAIL") -> OK
A14: AKSEMSETTIN | B14: 8.9 | C14: NO | D14: =SUM(Mevcut_FCM_Uyelik!G2:G13) -> 1.4711272 | E14: =SUMPRODUCT(Aday_FCM_Uyelik!G2:G141,Adaylar_TOPSIS!O2:O141) -> 0 | F14: =D14+E14 -> 1.4711272 | G14: =F14*B14 -> 13.093032 | H14: =IF(F14>=0.5,"OK","FAIL") -> OK
A15: BATTALGAZI | B15: 18.4 | C15: YES | D15: =SUM(Mevcut_FCM_Uyelik!H2:H13) -> 1.7766472 | E15: =SUMPRODUCT(Aday_FCM_Uyelik!H2:H141,Adaylar_TOPSIS!O2:O141) -> 0 | F15: =D15+E15 -> 1.7766472 | G15: =F15*B15 -> 32.690309 | H15: =IF(F15>=0.5,"OK","FAIL") -> OK
A16: FATIH | B16: 17 | C16: YES | D16: =SUM(Mevcut_FCM_Uyelik!I2:I13) -> 1.7230431 | E16: =SUMPRODUCT(Aday_FCM_Uyelik!I2:I141,Adaylar_TOPSIS!O2:O141) -> 0 | F16: =D16+E16 -> 1.7230431 | G16: =F16*B16 -> 29.291732 | H16: =IF(F16>=0.5,"OK","FAIL") -> OK
A17: HAMIDIYE | B17: 32.7 | C17: YES | D17: =SUM(Mevcut_FCM_Uyelik!J2:J13) -> 1.3383041 | E17: =SUMPRODUCT(Aday_FCM_Uyelik!J2:J141,Adaylar_TOPSIS!O2:O141) -> 0 | F17: =D17+E17 -> 1.3383041 | G17: =F17*B17 -> 43.762543 | H17: =IF(F17>=0.5,"OK","FAIL") -> OK
A18: HASANPASA | B18: 15.1 | C18: NO | D18: =SUM(Mevcut_FCM_Uyelik!K2:K13) -> 1.7628969 | E18: =SUMPRODUCT(Aday_FCM_Uyelik!K2:K141,Adaylar_TOPSIS!O2:O141) -> 0 | F18: =D18+E18 -> 1.7628969 | G18: =F18*B18 -> 26.619744 | H18: =IF(F18>=0.5,"OK","FAIL") -> OK
A19: MECIDIYE | B19: 15.5 | C19: NO | D19: =SUM(Mevcut_FCM_Uyelik!L2:L13) -> 0.62103675 | E19: =SUMPRODUCT(Aday_FCM_Uyelik!L2:L141,Adaylar_TOPSIS!O2:O141) -> 0 | F19: =D19+E19 -> 0.62103675 | G19: =F19*B19 -> 9.6260696 | H19: =IF(F19>=0.5,"OK","FAIL") -> OK
A20: MEHMET AKIF | B20: 31 | C20: YES | D20: =SUM(Mevcut_FCM_Uyelik!M2:M13) -> 1.9962154 | E20: =SUMPRODUCT(Aday_FCM_Uyelik!M2:M141,Adaylar_TOPSIS!O2:O141) -> 0 | F20: =D20+E20 -> 1.9962154 | G20: =F20*B20 -> 61.882676 | H20: =IF(F20>=0.5,"OK","FAIL") -> OK
A21: MIMAR SINAN | B21: 3.9 | C21: NO | D21: =SUM(Mevcut_FCM_Uyelik!N2:N13) -> 1.1264559 | E21: =SUMPRODUCT(Aday_FCM_Uyelik!N2:N141,Adaylar_TOPSIS!O2:O141) -> 0 | F21: =D21+E21 -> 1.1264559 | G21: =F21*B21 -> 4.393178 | H21: =IF(F21>=0.5,"OK","FAIL") -> OK
A22: NECIP FAZIL | B22: 17.6 | C22: NO | D22: =SUM(Mevcut_FCM_Uyelik!O2:O13) -> 1.5984311 | E22: =SUMPRODUCT(Aday_FCM_Uyelik!O2:O141,Adaylar_TOPSIS!O2:O141) -> 0 | F22: =D22+E22 -> 1.5984311 | G22: =F22*B22 -> 28.132387 | H22: =IF(F22>=0.5,"OK","FAIL") -> OK
A23: ORHANGAZI | B23: 19.5 | C23: NO | D23: =SUM(Mevcut_FCM_Uyelik!P2:P13) -> 1.7547489 | E23: =SUMPRODUCT(Aday_FCM_Uyelik!P2:P141,Adaylar_TOPSIS!O2:O141) -> 0 | F23: =D23+E23 -> 1.7547489 | G23: =F23*B23 -> 34.217603 | H23: =IF(F23>=0.5,"OK","FAIL") -> OK
A24: SALGAMLI DEVLET ORMANI | B24: 0 | C24: NO | D24: =SUM(Mevcut_FCM_Uyelik!Q2:Q13) -> 0 | E24: =SUMPRODUCT(Aday_FCM_Uyelik!Q2:Q141,Adaylar_TOPSIS!O2:O141) -> 0 | F24: =D24+E24 -> 0 | G24: =F24*B24 -> 0 | H24: =IF(F24>=0.5,"OK","FAIL") -> FAIL
A25: TEFERRUC TEPE ORMANI | B25: 0 | C25: NO | D25: =SUM(Mevcut_FCM_Uyelik!R2:R13) -> 0 | E25: =SUMPRODUCT(Aday_FCM_Uyelik!R2:R141,Adaylar_TOPSIS!O2:O141) -> 0 | F25: =D25+E25 -> 0 | G25: =F25*B25 -> 0 | H25: =IF(F25>=0.5,"OK","FAIL") -> FAIL
A26: TURGUT REIS | B26: 6.9 | C26: NO | D26: =SUM(Mevcut_FCM_Uyelik!S2:S13) -> 1.2911542 | E26: =SUMPRODUCT(Aday_FCM_Uyelik!S2:S141,Adaylar_TOPSIS!O2:O141) -> 0 | F26: =D26+E26 -> 1.2911542 | G26: =F26*B26 -> 8.9089637 | H26: =IF(F26>=0.5,"OK","FAIL") -> OK
A27: YAVUZ SELIM | B27: 17.2 | C27: NO | D27: =SUM(Mevcut_FCM_Uyelik!T2:T13) -> 2.0255369 | E27: =SUMPRODUCT(Aday_FCM_Uyelik!T2:T141,Adaylar_TOPSIS!O2:O141) -> 0 | F27: =D27+E27 -> 2.0255369 | G27: =F27*B27 -> 34.839235 | H27: =IF(F27>=0.5,"OK","FAIL") -> OK
A29: OBJECTIVE Z (sum of Coverage_x_R): | G29: =SUM(G11:G27) -> 429.09358
A30: SUM of X_j (must equal 8): | G30: =SUM(Adaylar_TOPSIS!O2:O141) -> 0
A33: SOLVER KURULUM ADIMLARI:
A34: 1) Excel > Data > Solver (yoksa File > Options > Add-ins > Solver Add-in)
A35: 2) Set Objective: $G$29 (Maksimize)
A36: 3) By Changing Variable Cells: Adaylar_TOPSIS!$O$2:$O$141
A37: 4) Constraints:
A38: - SUM(Adaylar_TOPSIS!$O$2:$O$141) = 8
A39: - Adaylar_TOPSIS!$O$2:$O$141 binary
A40: - (HARD) F11:F27 where C=YES >= 0.5
A41: 5) Solving Method: Simplex LP
A42: 6) Click Solve. The 8 X_j = 1 will be highlighted in Adaylar_TOPSIS.
